Title,Company,Location,Link
AR/VR Research Engineer,Apple,"Cupertino, CA",https://stackoverflow.com/jobs/503529
Backend Entwickler RUST (m/w/d),ifm-Unternehmensgruppe,"Siegen, Deutschland",https://stackoverflow.com/jobs/531489
Senior IoT Systems Engineer,Canonical,No office location,https://stackoverflow.com/jobs/512740
Associate IoT Systems Engineer,Canonical,No office location,https://stackoverflow.com/jobs/487604
Senior Data Engineer,Oura Health Oy,"San Francisco, CA",https://stackoverflow.com/jobs/521844
Site Reliability Engineer,Yelp,"London, UK",https://stackoverflow.com/jobs/145522
Java Developer Cyber Security - Public Cloud,"JPMorgan Chase Bank, N.A.","Glasgow, UK",https://stackoverflow.com/jobs/538421
.NET Microservices Engineer,Shift Digital,"Birmingham, MI",https://stackoverflow.com/jobs/507693
Senior Software Backend Generalist,Companion Labs,No office location,https://stackoverflow.com/jobs/531133
Software Engineer Contractor (Remote),Branding Brand,"Pittsburgh, PA",https://stackoverflow.com/jobs/521767
Algorithm Engineer (m/f/d),MOIA GmbH,"Berlin, Germany",https://stackoverflow.com/jobs/538366
"Cloud DevOps Engineer, Apple Pay",Apple,"New York, NY",https://stackoverflow.com/jobs/530898
"AI/ML- Software Engineer, Information Intelligence",Apple,"Seattle, WA",https://stackoverflow.com/jobs/530213
"AI/ML - Machine Learning Engineer, Visual Intelligence",Apple,"Cupertino, CA",https://stackoverflow.com/jobs/440251
"Software Engineer, Secure Networking",Apple,"Cupertino, CA",https://stackoverflow.com/jobs/533712
Senior Android Engineer,Livefront,"Minneapolis, MN",https://stackoverflow.com/jobs/521510
"Senior Software Engineer, Bluetooth, Android",Google,"Mountain View, CA",https://stackoverflow.com/jobs/538116
Senior Blockchain Engineer,Numbrs,No office location,https://stackoverflow.com/jobs/526036
Senior Blockchain Android Engineer,Numbrs,No office location,https://stackoverflow.com/jobs/526035
Site Reliability Engineer (w/m/d) nationwide,Bayerischer Rundfunk',"Munich, Germany",https://stackoverflow.com/jobs/530939
"Blockchain Engineer (Rust, Python, C#)",Gluwa,"Burnaby, BC, Canada",https://stackoverflow.com/jobs/538079
Backend Software Engineer,Chaturbate,"San Francisco, CA",https://stackoverflow.com/jobs/537944
"Rust, Golang, Typescript, Solidity Devs",ChainSafe Systems,No office location,https://stackoverflow.com/jobs/520839
Cloud Operations - Markets Tech,"JPMorgan Chase Bank, N.A.","Houston, TX",https://stackoverflow.com/jobs/537726
Senior Frontend Software Engineer,Chaturbate,"San Francisco, CA",https://stackoverflow.com/jobs/524548
"Senior Backend Engineer, Infrastructure",Chaturbate,"Los Angeles, CA",https://stackoverflow.com/jobs/524532
Senior DevOps Engineer,Gtmhub,"Sofia, Bulgaria",https://stackoverflow.com/jobs/487290
Softwareentwickler (m/w/d) – Batteriemanagement-Systeme,Volterion GmbH & Co. KG,"Dortmund, Deutschland",https://stackoverflow.com/jobs/530623
Senior C++ Developer,SORAMITSU,"Innopolis, Russia",https://stackoverflow.com/jobs/504578
Senior Developer- Functional Programming,Datasembly,No office location,https://stackoverflow.com/jobs/519800
Experienced Backend Engineer - Node.js (JavaScript or TypeScript) - Remote,"Theorem, LLC",No office location,https://stackoverflow.com/jobs/537112
Rust Developer Role,ChainSafe Systems,No office location,https://stackoverflow.com/jobs/524289
"Senior Backend Engineer, Octarine, VMware Carbon Black",VMware Bulgaria,"Sofia, Bulgaria",https://stackoverflow.com/jobs/530402
Senior Site Reliability Engineer,trivago N.V.,"Düsseldorf, Germany",https://stackoverflow.com/jobs/530388
Devops/ SRE Team Lead,Apiiro,"Tel Aviv-Yafo, Israel",https://stackoverflow.com/jobs/518990
(Junior / Senior) Developer Data Science Platform (m/f/d),German Edge Cloud GmbH & Co. KG,"Eschborn, Deutschland",https://stackoverflow.com/jobs/524201
Rust Developer,SORAMITSU,"Innopolis, Russia",https://stackoverflow.com/jobs/501749
Senior JavaScript Developer / React Engineer (Remote),Branding Brand,"Pittsburgh, PA",https://stackoverflow.com/jobs/518805
Rust Software Engineer,Redjack,"Silver Spring, MD",https://stackoverflow.com/jobs/536599
Site Reliability Engineer,Container Solutions B.V.,No office location,https://stackoverflow.com/jobs/486391
Software Engineer IoT,wearTell Deutschland GmbH,"Hamburg, Deutschland",https://stackoverflow.com/jobs/518591
Software Engineer (m/w/d),wearTell Deutschland GmbH,"Hamburg, Deutschland",https://stackoverflow.com/jobs/518590
Senior Full Stack Engineer | Team Leader,Displayr,"Pyrmont, Australia",https://stackoverflow.com/jobs/536538
Full Stack Software Engineer,IOVLABS,No office location,https://stackoverflow.com/jobs/527628
Mid Level Software Engineer,"Xometry, Inc.","Bethesda, MD",https://stackoverflow.com/jobs/536328
"Machine Learning Lead, Search / Recommendations",GoodNotes,Hong Kong,https://stackoverflow.com/jobs/523975
Senior Cloud Software Services Architect,Intel Corporation,"Hillsboro, OR",https://stackoverflow.com/jobs/530190
Remote Senior NodeJS Engineer,Bitfinex,No office location,https://stackoverflow.com/jobs/522651
Senior Software Engineer | Cryptocurrency trading,CRATR,"Amsterdam, Netherlands",https://stackoverflow.com/jobs/501179
Senior Python Developer - Raiden Network,brainbot,"Berlin, Germany",https://stackoverflow.com/jobs/523732
Senior Software Engineer (AWS),"Bluebeam, Inc.","Pasadena, CA",https://stackoverflow.com/jobs/534762
Senior Rust Engineer (m/f/d),Xayn AG,"Berlin, Deutschland",https://stackoverflow.com/jobs/373256
React Front End Developer,Fifth Force GmbH (Neufund),"Berlin, Germany",https://stackoverflow.com/jobs/517290
Software Engineering for Cloud and Xeon Server Solutions,Intel Corporation,"Guadalajara, Mexico",https://stackoverflow.com/jobs/529914
Infrastructure Software Engineer,Temporal Technologies,No office location,https://stackoverflow.com/jobs/500513
Tech Lead Cloud Adoption,MobiLab Solutions,"Köln, Germany",https://stackoverflow.com/jobs/535557
IoT Field Engineering Manager,Canonical,No office location,https://stackoverflow.com/jobs/535361
(Senior) Software Engineer (m/f/d),Charles GmbH,"Berlin, Germany",https://stackoverflow.com/jobs/499382
Bioinformatician/Software Developer,Centogene GmbH,"Berlin, Germany",https://stackoverflow.com/jobs/535245
Bioinformatician/Software Developer,Centogene GmbH,"Beograd, Serbia",https://stackoverflow.com/jobs/535243
Senior Software Engineer needed to battle censorship worldwide.,"Brave New Software Project, Inc.",No office location,https://stackoverflow.com/jobs/516114
Senior Software Engineer - IT Security (m/f/d),VMRay,"Bochum, Deutschland",https://stackoverflow.com/jobs/446571
Junior Java fejlesztő,UNIQA Raiffeisen Software Service Kft.,"Budapest, Ungarn",https://stackoverflow.com/jobs/515491
Senior Java fejlesztő,UNIQA Raiffeisen Software Service Kft.,"Budapest, Ungarn",https://stackoverflow.com/jobs/515490
Embedded IoT Engineer (C++ / Yocto Linux / RTOS) (m/f/d),EGYM GmbH,"München, Deutschland",https://stackoverflow.com/jobs/534504
"Full-Stack fejlesztő (Angular, Java)",UNIQA Raiffeisen Software Service Kft.,"Budapest, Ungarn",https://stackoverflow.com/jobs/515488
Senior Software Engineer - Rust / C++,PolarFox Network,No office location,https://stackoverflow.com/jobs/534528
Backend Engineer,MobiLab Solutions,"Köln, Germany",https://stackoverflow.com/jobs/534477
Software Engineer,Codethink,"Manchester, UK",https://stackoverflow.com/jobs/497574
DevOps Engineer (m/f/d),Enote GmbH,"Berlin, Deutschland",https://stackoverflow.com/jobs/529329
Team Lead in Crypto Project (Remote),SORAMITSU,"Innopolis, Russia",https://stackoverflow.com/jobs/522938
Junior Java Developer (m/w/d),Senacor Technologies AG,"Berlin, Deutschland",https://stackoverflow.com/jobs/481505
Full Stack Software Engineer,F-Secure,"London, UK",https://stackoverflow.com/jobs/514490
Experienced Software Engineer with longstanding passion for programming,Evidos B.V.,"Haarlem, Netherlands",https://stackoverflow.com/jobs/526204
Frontend Developer*,IKOR GmbH,"Köln, Deutschland",https://stackoverflow.com/jobs/529138
Senior Backend Engineer,CityBldr,No office location,https://stackoverflow.com/jobs/522709
Senior Software Engineer,Amazon Web Services,"Seattle, WA",https://stackoverflow.com/jobs/525301
Full Stack Engineer,Deepgram,"San Francisco, CA",https://stackoverflow.com/jobs/430520
Security Operations Engineer,Web3 Foundation,"Zug, Schweiz",https://stackoverflow.com/jobs/529092
Tech lead for Ingestion area,Spiideo,"Malmö, Sweden",https://stackoverflow.com/jobs/533736
Full-Stack Developer,OSL,Singapore,https://stackoverflow.com/jobs/495720
Data Engineer,MarketDial,"Salt Lake City, UT",https://stackoverflow.com/jobs/533472
Solutions Engineer,Deepgram,"San Francisco, CA",https://stackoverflow.com/jobs/431389
DEVELOPER – KÜNSTLICHE INTELLIGENZ (KI / AI) & MACHINE LEARNING (ML)  (M/W/D),collective mind solutions GmbH,"Leonberg, Deutschland",https://stackoverflow.com/jobs/529024
Lead Full-Stack Engineer Data Integration,MobiLab Solutions,"Köln, Germany",https://stackoverflow.com/jobs/529006
Node.js Backend Engineer to build the leading Platform for ML,Hugging Face,"Paris, France",https://stackoverflow.com/jobs/525927
DevOps Engineer,Brave Software,No office location,https://stackoverflow.com/jobs/525884
"5G Core Microservices Platform Developer TELECOM (C/C++, Go & Kubernetes)","Casa Systems, Inc.","Andover, MA",https://stackoverflow.com/jobs/512230
Chromium Software Engineer,eyeo GmbH,No office location,https://stackoverflow.com/jobs/509364
Full-Stack Software Developer – Electronic Lab Notebook (ELN),Forschungszentrum Jülich GmbH,"Jülich, Deutschland",https://stackoverflow.com/jobs/532864
Principal Solutions Architect,Temporal Technologies,No office location,https://stackoverflow.com/jobs/528913
Director of Product - Temporal Cloud,Temporal Technologies,No office location,https://stackoverflow.com/jobs/528916
Principal Engineer - Rust,Temporal Technologies,No office location,https://stackoverflow.com/jobs/528914
Software Engineer,Doctolib,"Niort, France",https://stackoverflow.com/jobs/525565
"DevOps / SRE (Remote, Canada)",Platform.sh,No office location,https://stackoverflow.com/jobs/525493
DevOps Engineer to Battle Censorship Worldwide,"Brave New Software Project, Inc.",No office location,https://stackoverflow.com/jobs/515715
DevSecOps Engineer,Coqui Health,"San Juan, Puerto Rico",https://stackoverflow.com/jobs/525437
Technical Support Engineer,Deepgram,"Ann Arbor, MI",https://stackoverflow.com/jobs/525420
.Net Software Developer,Geotab,No office location,https://stackoverflow.com/jobs/528786
Senior Fullstack Developer,Lobster Ink Technologies,"Amsterdam, Netherlands",https://stackoverflow.com/jobs/528737
Applied Cryptographer - Rust,Ockam,No office location,https://stackoverflow.com/jobs/505261
Sr Engineer - Embedded in Rust,Ockam,No office location,https://stackoverflow.com/jobs/506025
Sr Engineer - Rust,Ockam,No office location,https://stackoverflow.com/jobs/531583
Architect - Rust Library Design,Ockam,No office location,https://stackoverflow.com/jobs/505263
Director of Engineering,Ockam,No office location,https://stackoverflow.com/jobs/506023
Software Quality Assurance Lead Engineer*,Software AG,"Düsseldorf, Deutschland",https://stackoverflow.com/jobs/528478
DevOps Engineer for Blockchain Nodes,BOTLabs GmbH,"Berlin, Deutschland",https://stackoverflow.com/jobs/521979
React Native / Android Engineer,Trustworthy,https://weworkremotely.com//remote-jobs/trustworthy-react-native-android-engineer
"Remote Customer Care Associate, Trust & Safety Operations (Day shift) - NJ and PA Residents","The Meet Group, Inc.",https://weworkremotely.com//remote-jobs/the-meet-group-inc-remote-customer-care-associate-trust-safety-operations-day-shift
Senior Backend Engineer,pganalyze,https://remoteok.io//remote-jobs/104860-remote-senior-backend-engineer-pganalyze
